,减速时间比,加速度标准差,加速时间比,匀速时间比,平均减速度,平均加速度,平均行驶速度,平均速度,怠速时间比,持续时间,最大速度,行驶距离,速度标准差
0,37.878787878787875,1.5160464023950178,46.96969696969697,6.060606060606064,-0.41888888888888887,0.35663082437276006,8.25327868852459,7.514179104477613,9.090909090909092,67.0,17.4,503.45000000000005,5.086967588996775
0,31.793478260869566,1.2150378556782373,32.608695652173914,9.510869565217401,-0.34051519468186103,0.3391203703703704,35.45879120879121,26.233739837398375,26.08695652173913,369.0,56.5,9680.25,18.399159548457572
0,36.440677966101696,1.5957240264110668,43.22033898305085,0.84745762711864,-0.4563307493540052,0.39379084967320266,25.964583333333326,20.946218487394955,19.491525423728813,119.0,45.2,2492.5999999999995,14.09795423922829
0,29.03225806451613,1.186531735737133,30.414746543778804,7.373271889400918,-0.34231040564373905,0.3367003367003366,40.67568493150684,27.24151376146788,33.17972350230415,218.0,55.0,5938.649999999998,22.49303418113856
0,31.952662721893493,1.6793549255604279,37.8698224852071,10.650887573964493,-0.42468530622125383,0.375,49.58065693430657,39.95617647058823,19.526627218934912,170.0,68.7,6792.549999999999,24.888494803908554
0,31.963470319634702,1.6766992189670682,42.465753424657535,7.762557077625573,-0.5117063492063493,0.38649940262843485,36.75856353591157,30.242272727272702,17.80821917808219,220.0,65.5,6653.299999999995,19.782427596455427
0,43.02788844621514,1.3676778576615696,38.645418326693225,7.968127490039846,-0.3131944444444447,0.35223367697594493,50.07605321507757,44.899204771371735,10.358565737051793,503.0,81.5,22584.299999999985,22.57274103948396
0,31.23123123123123,1.8594872105703413,39.33933933933934,18.01801801801802,-0.5126602564102565,0.41518235793044966,43.89172297297297,38.898053892215565,11.411411411411411,334.0,65.9,12991.949999999999,20.23352482601798
0,31.122448979591837,2.0237428918912044,40.30612244897959,5.6122448979591795,-0.5987509758001563,0.47011251758087225,38.67269736842105,29.83883248730964,22.95918367346939,197.0,60.9,5878.249999999999,20.492510197899172
0,29.126213592233007,1.5111529830549688,31.06796116504854,6.796116504854368,-0.5009259259259257,0.46961805555555536,18.302142857142854,12.318749999999998,33.00970873786408,104.0,32.4,1281.1499999999999,11.558397865285018
0,32.69230769230769,1.5534917089629372,36.53846153846153,0.6410256410256459,-0.4464869281045751,0.4113060428849904,35.121363636363654,24.607324840764345,30.128205128205128,157.0,53.5,3863.350000000002,19.70056171594889
0,43.07692307692308,2.027148088438297,50.76923076923077,1.5384615384615374,-0.5334467120181406,0.4739057239057239,26.520634920634922,25.315151515151516,4.615384615384616,66.0,43.7,1670.8000000000002,12.0107917789352
0,37.980769230769226,1.3560477890379012,40.38461538461539,3.3653846153846203,-0.331656388618414,0.3220899470899471,32.5157894736842,26.603827751196167,18.269230769230766,209.0,42.5,5560.199999999999,14.80921301042447
0,47.14285714285714,1.4833870709902226,34.285714285714285,1.4285714285714413,-0.3087121212121212,0.44675925925925936,18.1864406779661,15.112676056338028,17.142857142857142,71.0,27.4,1073.0,8.748287654845981
0,40.77669902912621,1.1369398920527867,29.126213592233007,6.796116504854378,-0.2632275132275132,0.3814814814814812,18.918125,14.552403846153847,23.300970873786408,104.0,30.8,1513.45,10.154846524497481
0,41.17647058823529,1.6972134930253597,35.294117647058826,15.686274509803923,-0.34490740740740744,0.43209876543209885,9.887499999999998,9.126923076923076,7.8431372549019605,52.0,16.3,474.5999999999999,5.373522261429913
0,41.37931034482759,2.0749840224335396,50.0,5.1724137931034475,-0.46103395061728397,0.42337164750957856,11.066666666666665,10.69152542372881,3.4482758620689653,59.0,26.8,630.7999999999998,6.909089255448153
0,58.139534883720934,1.3266149173720494,26.744186046511626,5.813953488372087,-0.22266666666666654,0.49637681159420294,19.142405063291132,17.38218390804597,9.30232558139535,87.0,30.6,1512.2499999999995,9.35216647819689
0,44.5945945945946,1.5110477308024868,41.44144144144144,9.459459459459458,-0.3560956790123455,0.3894927536231886,26.13896713615025,24.966816143497773,4.504504504504505,223.0,37.7,5567.600000000003,9.400533002884872
0,28.865979381443296,1.629077152258042,30.927835051546392,7.2164948453608275,-0.41666666666666663,0.3870370370370371,25.94242424242424,17.47142857142857,32.98969072164948,98.0,37.4,1712.2,14.45187122064165
0,26.41509433962264,1.3553050005589746,29.245283018867923,3.7735849056603783,-0.39844877344877344,0.3700716845878137,25.32031249999999,15.144859813084105,40.56603773584906,107.0,39.8,1620.4999999999993,15.17124355099532
0,18.0,1.3393486768262939,36.0,4.0,-0.6096491228070176,0.3217592592592593,25.528813559322032,14.912871287128711,42.0,101.0,41.7,1506.1999999999998,15.136743600115492
0,21.428571428571427,1.3530600773221215,30.21978021978022,6.593406593406591,-0.446886446886447,0.33434343434343444,36.25186915887851,21.196448087431698,41.75824175824176,183.0,52.7,3878.9500000000007,19.604365497148677
0,39.63963963963964,1.86602601270913,40.54054054054054,7.207207207207208,-0.4547821969696972,0.4685185185185184,26.244897959183675,22.964285714285715,12.612612612612612,112.0,41.0,2572.0,12.055535843747274
0,33.00970873786408,1.5278773571815216,39.80582524271845,3.8834951456310627,-0.3796568627450981,0.34214092140921415,26.959375,20.73798076923077,23.300970873786408,104.0,43.9,2156.75,15.608358771854016
0,45.20547945205479,1.479408738165099,45.662100456621005,5.4794520547945265,-0.31172839506172845,0.31694444444444453,35.048584905660384,33.774090909090916,3.65296803652968,220.0,47.7,7430.300000000002,11.079993847502216
0,29.411764705882355,1.2781510775347578,28.431372549019606,3.9215686274509736,-0.3096119929453262,0.33429118773946354,22.253125000000004,13.82718446601942,38.23529411764706,103.0,33.3,1424.2000000000003,12.834614892751745
0,30.434782608695656,1.639303507602575,36.231884057971016,5.797101449275356,-0.4745842781557066,0.4255555555555556,24.73823529411766,18.02357142857144,27.536231884057973,70.0,37.3,1261.6500000000008,13.825590466861428
0,46.42857142857143,1.6191053637724133,39.285714285714285,5.357142857142856,-0.32692307692307687,0.38636363636363635,20.501923076923074,18.703508771929823,8.928571428571429,57.0,29.7,1066.1,10.607089990138196
0,40.74074074074074,1.5567130528401154,46.2962962962963,11.11111111111111,-0.39162457912457904,0.37000000000000005,18.179629629629627,17.849090909090908,1.8518518518518516,55.0,31.3,981.6999999999999,10.312054051909994
0,35.82089552238806,1.3493197528571972,58.2089552238806,4.477611940298507,-0.427469135802469,0.26210826210826216,13.650746268656718,13.450000000000003,1.4925373134328357,68.0,24.6,914.6000000000001,7.084987004199316
0,39.85507246376812,1.856303950929216,51.449275362318836,7.971014492753627,-0.4994949494949495,0.390453834115806,25.80942028985508,25.623741007194255,0.7246376811594203,139.0,40.5,3561.700000000001,11.215199510332617
0,41.75824175824176,1.9739999462486162,47.25274725274725,9.890109890109894,-0.436917180338233,0.3953488372093024,40.09450549450549,39.658695652173904,1.098901098901099,92.0,61.1,3648.5999999999995,17.17224024636667
0,25.471698113207548,1.4338182009568696,43.39622641509434,6.60377358490566,-0.5295979740424185,0.32306763285024154,29.62901234567901,22.429439252336447,24.528301886792452,107.0,48.0,2399.95,16.62370476163124
0,37.16577540106952,1.390233602483136,43.85026737967914,18.71657754010696,-0.32372851718625095,0.28099593495934955,50.53810160427802,50.40333333333327,0.267379679144385,375.0,66.7,18901.249999999978,12.764032270884046
0,34.80083857442348,1.1267856718016245,34.48637316561845,9.01467505241089,-0.26827100066934445,0.27304964539007115,37.004812834224595,28.983874345549733,21.69811320754717,955.0,58.3,27679.599999999995,19.415378317289452
0,43.705463182897866,0.9942704504290689,40.61757719714964,15.43942992874109,-0.20999396135265694,0.22693307342430158,36.05059382422808,35.9651658767773,0.23752969121140144,422.0,44.8,15177.300000000021,7.9782605292012345
0,48.73096446700508,1.0547816873289582,36.04060913705584,14.720812182741112,-0.20146122685185183,0.2766040688575901,22.595431472081223,22.481313131313136,0.5076142131979695,198.0,32.2,4451.300000000001,5.806794392640314
0,35.64356435643564,1.2637295499156227,42.57425742574257,20.792079207920796,-0.32578875171467764,0.28746770025839796,28.218316831683175,27.941666666666674,0.9900990099009901,102.0,37.9,2850.0500000000006,9.23797447909432
0,51.35135135135135,1.1847839183830546,39.189189189189186,9.009009009009016,-0.21511533463287844,0.2824074074074075,16.290090090090096,16.217040358744402,0.45045045045045046,223.0,27.8,3616.4000000000015,6.22838781552579
0,39.39393939393939,1.302149151994265,47.474747474747474,12.121212121212125,-0.34900284900284906,0.289598108747045,17.68787878787879,17.511000000000003,1.0101010101010102,100.0,32.5,1751.1000000000004,10.2715254587622
0,39.229422066549915,1.313211454242988,51.138353765324,9.457092819614703,-0.33482142857142866,0.2595129375951301,36.78677758318744,36.72246503496508,0.17513134851138354,572.0,71.1,21005.250000000025,14.15577592898967
0,42.805755395683455,1.6724989221936717,46.94244604316547,9.89208633093525,-0.3637371615312791,0.3333333333333333,41.666576576576574,41.516965888689406,0.3597122302158274,557.0,68.2,23124.949999999997,16.89120766013733
0,46.616541353383454,1.4033512898666867,38.34586466165413,14.285714285714294,-0.2541011855527984,0.32570806100217864,36.53759398496241,36.26492537313433,0.7518796992481203,134.0,48.1,4859.500000000001,10.685661345091386
0,33.33333333333333,1.8439886201441984,51.66666666666667,13.333333333333334,-0.5424242424242426,0.3808243727598566,27.766666666666666,27.311475409836067,1.6666666666666667,61.0,42.4,1666.0,12.486074122274568
0,39.059674502712475,1.356655405569917,45.388788426763114,15.370705244122965,-0.3309396043771044,0.28574590526781773,39.39273179352294,39.32162577945521,0.18083182640144665,554.0,56.3,21784.180681818187,11.024371403472653
0,45.96774193548387,2.998553641685755,42.74193548387097,10.483870967741934,-0.44148298095666516,0.4956055474923401,17.109832506203475,16.972953846153846,0.8064516129032258,125.0,40.361538461538466,2121.619230769231,7.33356342837309
0,46.726190476190474,1.123816338008542,39.58333333333333,13.39285714285715,-0.21362480668920886,0.2556390977443608,45.977083333333326,45.84065281899109,0.2976190476190476,337.0,62.8,15448.299999999997,14.877428288691647
0,48.507462686567166,1.0159925624643302,29.47761194029851,21.64179104477611,-0.1648915187376727,0.29360056258790457,37.38264925373135,37.24368029739778,0.3731343283582089,269.0,55.5,10018.550000000003,12.235714693868141
0,36.82795698924731,1.5056378958643406,35.215053763440864,8.064516129032256,-0.3613755774181035,0.38083121289228167,29.33795986622075,23.51756032171583,19.892473118279568,373.0,61.3,8772.050000000005,21.08254801535057
0,33.49514563106796,0.8676357805655843,28.559870550161815,37.864077669902905,-0.2097853800555433,0.24504249291784738,82.4052228436756,82.33860584865242,0.08090614886731393,1237.0,108.0,101852.85543478304,16.530980361622802
0,37.306501547987615,0.9227503852924368,36.60990712074303,23.99380804953561,-0.21165204050809946,0.21702996281985878,69.29944026801775,67.85235218817515,2.089783281733746,1293.0,92.8,87733.09137931047,19.085564309753035
0,52.94117647058824,1.7908805934547438,36.76470588235294,2.94117647058823,-0.28094993141289437,0.4188888888888887,16.05312500000001,14.889855072463776,7.352941176470589,69.0,27.0,1027.4000000000005,7.112806759674183
0,20.428265524625267,1.1784656374536775,19.18629550321199,39.82869379014989,-0.37377707896575896,0.3908730158730155,12.369211876611347,9.827592997855591,20.556745182012847,2336.0,57.4,22957.25724299066,12.222358969677908
0,31.03448275862069,1.9115053319822999,55.172413793103445,12.643678160919542,-0.6728395061728395,0.3796296296296296,32.655747126436786,32.284659090909095,1.1494252873563218,88.0,49.8,2841.0500000000006,13.462209384102895
0,44.0,2.1254746693190336,54.666666666666664,2.220446049250313e-15,-0.5295214045214044,0.44918699186991884,31.028000000000006,30.61973684210527,1.3333333333333335,76.0,47.5,2327.1000000000004,10.327642447550865
0,29.629629629629626,2.1401151598510237,64.81481481481481,3.7037037037037126,-0.7924768518518519,0.3865079365079365,32.318518518518516,31.730909090909087,1.8518518518518516,55.0,48.8,1745.1999999999998,14.594286698021893
0,36.144578313253014,1.8169685193777219,55.42168674698795,7.228915662650601,-0.527037037037037,0.3635265700483091,30.53674698795181,30.173214285714288,1.2048192771084338,84.0,49.5,2534.55,12.018925263599924
0,30.87431693989071,1.864095314645024,38.79781420765027,30.054644808743173,-0.3829194492605727,0.30535993740219075,38.17739033300124,38.07336474626282,0.273224043715847,367.0,59.7,13972.924861878453,12.48071826776434
0,19.230769230769234,2.8745942128870845,67.3076923076923,11.538461538461537,-1.3838383838383836,0.43571428571428567,37.16153846153846,36.46037735849057,1.9230769230769231,53.0,54.8,1932.4,15.174298417610961
0,26.451612903225808,1.667315784943746,37.41935483870968,35.48387096774193,-0.5853658536585363,0.43103448275862066,31.319677419354864,31.11891025641028,0.6451612903225806,156.0,60.2,4854.550000000004,13.56832820796724
0,38.82352941176471,1.7753773374804012,52.74509803921569,8.23529411764705,-0.4847783389450053,0.36214374225526663,34.049705882352924,33.98307240704499,0.19607843137254902,511.0,63.7,17365.34999999999,15.517282413102711
0,39.285714285714285,1.410209711213954,48.214285714285715,11.607142857142858,-0.34322390572390576,0.29835390946502066,19.853571428571424,19.677876106194685,0.8928571428571428,113.0,31.8,2223.5999999999995,9.364446027865363
0,31.746031746031743,1.7417085728773536,57.14285714285714,9.52380952380953,-0.5361111111111112,0.3078703703703704,25.016666666666662,24.625781249999996,1.5873015873015872,64.0,40.0,1576.0499999999997,12.885271104762207
0,32.87671232876712,2.227496276129008,63.013698630136986,2.739726027397264,-0.7133969907407408,0.39975845410628014,25.160273972602738,24.820270270270267,1.36986301369863,74.0,39.2,1836.6999999999998,10.016745677904103
0,25.49019607843137,2.2713682665705486,58.82352941176471,13.725490196078429,-0.797008547008547,0.3907407407407407,18.271568627450975,17.920192307692304,1.9607843137254901,52.0,30.0,931.8499999999998,7.369057316390511
0,12.345679012345679,1.1750078639798844,48.148148148148145,6.172839506172849,-0.12187500000000007,0.32407407407407407,35.25431818181819,23.64618902439025,33.33333333333333,82.0,44.8,1938.9875000000004,18.31275282853599
0,43.42105263157895,1.457171102631855,42.10526315789473,13.157894736842104,-0.3132996632996632,0.3368055555555557,16.32565789473685,16.11363636363637,1.3157894736842104,77.0,24.8,1240.7500000000005,5.551295187895432
0,30.917874396135264,1.6082935098594304,31.40096618357488,9.178743961352662,-0.38650173611111116,0.395726495726496,26.784899328859062,19.187259615384615,28.502415458937197,208.0,41.2,3990.9500000000003,14.234988599148823
0,23.456790123456788,1.3377869589182445,14.814814814814813,-1.2345679012345556,-0.38304093567251457,0.6041666666666666,17.138709677419353,6.479268292682926,62.96296296296296,82.0,25.8,531.3,9.448670931437253
0,30.484798685291704,1.1836629376711962,52.506162695152014,5.17666392769104,-0.3310122791254864,0.19214049730481686,31.105965506184724,27.428412934024955,11.832374691865242,1218.0,58.5,33407.80695364239,16.573944552277844
0,32.54545454545455,0.9483312125862732,34.54545454545455,32.72727272727273,-0.25698324022346364,0.24605263157894713,41.16572727272728,41.091016333938306,0.18181818181818182,551.0,59.3,22641.150000000005,10.343579365260357
0,50.967741935483865,1.3663678215139372,43.225806451612904,5.16129032258065,-0.2562501793966532,0.30638474295190704,34.28645161290324,34.066666666666684,0.6451612903225806,156.0,51.2,5314.400000000002,12.85260854166841
0,51.42857142857142,1.706099381821735,41.42857142857143,5.714285714285717,-0.3644179894179894,0.4712643678160918,26.335000000000004,25.96408450704226,1.4285714285714286,71.0,41.4,1843.4500000000003,12.05124687240014
0,34.62749213011542,0.9039912989495584,31.47953830010493,33.788037775445964,-0.2520868060738751,0.2612037037037036,28.59078386764116,28.56081449251785,0.1049317943336831,954.0,53.8,27247.017025862027,11.394666248840352
0,35.8974358974359,0.69317554025493,21.367521367521366,41.88034188034189,-0.11541005291005287,0.198888888888889,2.738461538461538,2.715254237288135,0.8547008547008548,118.0,8.1,320.4,1.2545043631385449
0,40.963855421686745,1.534431017555781,43.97590361445783,7.831325301204826,-0.3675213675213674,0.3504566210045663,14.044516129032258,13.035329341317366,7.228915662650602,167.0,29.6,2176.9,8.931430914088715
0,45.78313253012048,1.7821821270153988,48.19277108433735,4.819277108433732,-0.35197368421052627,0.35763888888888895,21.04939759036145,20.798809523809528,1.2048192771084338,84.0,35.0,1747.1000000000004,7.569738729368391
0,30.73170731707317,1.4820968215936523,36.09756097560975,1.4634146341463428,-0.4089821113630637,0.35472972972973,21.628368794326253,14.803883495145639,31.70731707317073,206.0,38.7,3049.6000000000017,12.640891398814388
0,48.51485148514851,1.8567157524451992,48.51485148514851,1.9801980198019864,-0.3594104308390024,0.36507936507936495,14.811386138613862,14.666176470588235,0.9900990099009901,102.0,29.5,1495.95,7.8987721976579435
0,41.269841269841265,1.0444709795442395,25.396825396825395,20.634920634920647,-0.22970085470085472,0.37673611111111116,7.166071428571428,6.270312499999999,12.698412698412698,64.0,11.9,401.29999999999995,3.9092837078796108
0,36.6412213740458,1.480167102768527,38.16793893129771,24.427480916030536,-0.3255931712962964,0.33388888888888885,16.74465648854961,16.617803030303023,0.7633587786259541,132.0,25.1,2193.549999999999,5.860309402843977
0,50.90909090909091,1.4710480824817966,41.81818181818181,5.454545454545462,-0.3111772486772488,0.39492753623188415,11.956363636363637,11.742857142857144,1.8181818181818181,56.0,26.1,657.6,7.892373822557359
0,62.93103448275862,1.2152985588761291,30.17241379310345,0.8620689655172464,-0.19710806697108063,0.4111111111111111,15.93863636363636,14.985042735042732,6.0344827586206895,117.0,31.7,1753.2499999999998,8.650839362535958
0,35.51401869158878,1.5988917956614694,36.44859813084112,7.4766355140186995,-0.41471734892787526,0.41880341880341887,24.287790697674414,19.340277777777775,20.5607476635514,108.0,34.7,2088.7499999999995,12.267487376303992
0,16.901408450704224,1.1904007689052996,12.676056338028168,1.4210854715202004e-14,-0.46990740740740744,0.6265432098765432,11.911363636363637,3.6395833333333334,70.4225352112676,72.0,20.3,262.05,6.238061553125811
0,30.0,1.6881558167800732,50.0,18.333333333333332,-0.48713991769547327,0.30185185185185187,22.544999999999995,22.175409836065565,1.6666666666666667,61.0,30.1,1352.6999999999996,8.181819854863475
0,55.55555555555556,1.5148976979563236,38.88888888888889,4.444444444444439,-0.3124999999999998,0.4579365079365081,23.50888888888889,23.250549450549453,1.1111111111111112,91.0,40.5,2115.8,9.596246250123576
0,48.275862068965516,1.8648704652877546,43.103448275862064,6.896551724137938,-0.3563368055555555,0.41666666666666674,21.859482758620693,21.48898305084746,1.7241379310344827,59.0,32.7,1267.8500000000001,8.656537647688715
0,40.816326530612244,1.2911114808314517,44.08163265306123,14.693877551020407,-0.2842824074074074,0.267232510288066,37.35081632653062,37.19898373983741,0.40816326530612246,246.0,56.4,9150.950000000003,10.862067901933003
0,52.193645990922846,0.9479580316173765,32.07261724659607,15.582450832072615,-0.16131188976538535,0.26454402515723274,50.67201210287438,50.59546827794557,0.15128593040847202,662.0,75.3,33494.19999999997,17.399872334896653
0,45.604395604395606,1.1465179475225462,45.879120879120876,8.241758241758243,-0.25324471057402775,0.25564636492780207,39.81181689931691,39.702743428359874,0.27472527472527475,365.0,62.1,14491.501351351355,14.094572727236516
0,36.92307692307693,2.349676968019943,60.0,1.5384615384615346,-0.7210648148148148,0.46652421652421633,35.023846153846144,34.49318181818181,1.5384615384615385,66.0,53.3,2276.5499999999993,14.385274392145341
0,39.682539682539684,1.8221282909457304,52.38095238095239,7.142857142857136,-0.45211805555555545,0.35774410774410764,47.72103174603174,47.345275590551175,0.7936507936507936,127.0,65.4,6012.849999999999,16.965229106105525
0,43.32425068119891,1.3543816846294523,45.776566757493185,10.626702997275206,-0.3367400419287209,0.32175925925925897,45.64141689373297,45.51739130434783,0.2724795640326975,368.0,76.6,16750.4,18.23753657152959
0,41.811414392059554,1.4858182860019924,33.25062034739454,6.513647642679899,-0.31602406770208213,0.39777067675805383,25.669913664877473,20.943339357085403,18.424317617866002,1613.0,66.5,33781.60638297875,18.902560298129075
0,37.93103448275862,2.1661004378442836,54.59770114942529,6.896551724137929,-0.5211840628507296,0.38128654970760234,39.42959770114942,39.20428571428571,0.5747126436781609,175.0,58.5,6860.749999999999,11.71362755304493
0,51.20772946859904,1.7680565220097935,44.927536231884055,3.3816425120772906,-0.37118149146451085,0.42921146953405,37.22246376811595,37.04350961538462,0.4830917874396135,208.0,55.7,7705.050000000001,11.456083485352611
0,58.490566037735846,1.9744399576174263,35.84905660377358,3.773584905660375,-0.31698028673835127,0.5497076023391814,24.368867924528292,23.917592592592584,1.8867924528301887,54.0,36.6,1291.5499999999995,9.455019642151491
0,46.2962962962963,2.1323980797788953,46.2962962962963,5.555555555555554,-0.476111111111111,0.49111111111111094,19.840740740740742,19.48,1.8518518518518516,55.0,39.4,1071.4,11.747470907700633
0,54.65116279069767,1.566002859438049,34.883720930232556,9.302325581395356,-0.26681113737851325,0.4324074074074073,24.58662790697674,24.304022988505746,1.1627906976744187,87.0,41.3,2114.45,10.26640569414453
0,47.77070063694268,1.6984441110866693,39.490445859872615,8.917197452229292,-0.37111111111111095,0.4502688172043011,18.120394736842094,17.43227848101265,3.821656050955414,158.0,31.5,2754.2999999999984,8.156385644473206
0,54.91803278688525,1.548579657121228,40.16393442622951,4.0983606557377,-0.31618866452053473,0.44217687074829914,21.435655737704916,21.261382113821135,0.819672131147541,123.0,31.5,2615.1499999999996,7.386911021485726
0,30.357142857142854,2.2553595582123327,66.07142857142857,1.785714285714291,-0.8319716775599129,0.40090090090090097,22.977678571428584,22.574561403508785,1.7857142857142856,57.0,45.1,1286.7500000000007,12.62586731248307
0,57.28155339805825,1.7406702145484183,38.83495145631068,2.9126213592233063,-0.3083804143126177,0.4555555555555556,26.652912621359217,26.39663461538461,0.9708737864077669,104.0,45.8,2745.2499999999995,13.193793372247894
0,44.01913875598086,1.6919678345473486,45.45454545454545,10.28708133971292,-0.36132917337627485,0.3533625730994152,42.68110047846889,42.579236276849635,0.23923444976076555,419.0,64.3,17840.699999999997,14.360619634651755
0,29.019412643106023,0.9413736681745059,36.28670980587357,34.644101543056244,-0.2673271173271171,0.21816268626968313,43.58098858779225,43.559306503917725,0.049776007964161276,2010.0,62.4,87554.20607287463,11.681948264662543
0,28.804347826086957,0.956577651201635,38.858695652173914,32.201086956521735,-0.258892819706499,0.1979073956346679,51.94357849555333,51.873098741828024,0.1358695652173913,737.0,73.6,38230.47377272725,15.119560414570001
0,34.25076452599388,1.7484557076183382,53.51681957186545,11.926605504587156,-0.5006384112286894,0.3231599059376834,39.9751897157096,39.85331413730805,0.3058103975535168,328.0,58.9,13071.887037037039,14.079607929833054
0,37.878787878787875,1.4817369490464176,43.18181818181818,7.5757575757575815,-0.37555555555555564,0.32894736842105265,18.637288135593224,16.535338345864663,11.363636363636363,133.0,36.5,2199.2000000000003,12.612360931550265
0,49.044585987261144,1.5648089730365853,43.94904458598726,5.732484076433126,-0.35978835978835955,0.4098228663446054,29.400641025641015,29.028481012658215,1.2738853503184715,158.0,44.0,4586.499999999998,10.612156858644548
0,43.75,1.2598519213349053,43.48958333333333,12.630208333333337,-0.26145006613756666,0.26355622089155045,38.05540364583336,38.00591677503253,0.13020833333333331,769.0,61.4,29226.550000000017,10.437203532834973
0,39.50617283950617,1.4217449551295944,53.70370370370371,6.635802469135799,-0.36014246057581,0.2651984554597707,30.952744020061722,30.905051040061625,0.15432098765432098,649.0,60.2,20057.378124999996,14.811883478446394
0,46.97674418604651,1.659195643635725,41.3953488372093,11.162790697674424,-0.323982398239824,0.3726591760299625,34.816976744186064,34.65578703703705,0.46511627906976744,216.0,51.8,7485.650000000003,11.177152733998575
0,40.476190476190474,1.4649581187034932,48.80952380952381,9.523809523809526,-0.3776844070961718,0.3252032520325203,32.44166666666666,32.059999999999995,1.1904761904761905,85.0,46.8,2725.0999999999995,13.535501868456857
0,44.75524475524475,1.6594747682071347,48.95104895104895,5.594405594405594,-0.36201862373737365,0.34285714285714275,39.505244755244746,39.23090277777777,0.6993006993006993,144.0,57.5,5649.249999999999,13.42014057334329
0,44.71830985915493,1.4013362816414245,44.36619718309859,10.563380281690142,-0.3083989501312336,0.3207671957671957,31.930633802816963,31.81859649122813,0.35211267605633806,285.0,46.2,9068.300000000017,11.260585661804457
0,43.18181818181818,1.7552427092589884,51.13636363636363,4.54545454545455,-0.4169324827219564,0.37407407407407406,21.123863636363637,20.886516853932584,1.1363636363636365,89.0,39.2,1858.9,13.802027473549419
0,31.147540983606557,1.8425410202730401,55.73770491803278,11.475409836065577,-0.524975633528265,0.3169934640522876,25.464754098360658,25.054032258064517,1.639344262295082,62.0,37.1,1553.3500000000001,9.336487771222389
0,38.0,2.1423540719724574,62.0,-2.0,-0.6603313840155945,0.4327956989247312,29.494,28.915686274509806,2.0,51.0,46.3,1474.7,12.968552069150325
0,27.167630057803464,1.7150375422208182,41.040462427745666,31.213872832369944,-0.5782899921197795,0.38380281690140833,31.608959537572247,31.427298850574704,0.5780346820809248,174.0,47.3,5468.3499999999985,9.833837760938628
0,47.77777777777778,1.4345909098722591,44.44444444444444,6.666666666666668,-0.32536606373815674,0.36180555555555566,28.25666666666667,27.94615384615385,1.1111111111111112,91.0,44.3,2543.1000000000004,11.196215293564707
0,46.601941747572816,2.0540020178768144,51.45631067961165,0.9708737864077698,-0.5210262345679014,0.48008385744234816,32.47087378640775,32.15865384615383,0.9708737864077669,104.0,49.9,3344.4999999999986,12.385349027820139
0,35.23809523809524,2.0696020135115507,50.476190476190474,13.333333333333332,-0.45720720720720726,0.3233752620545074,30.611428571428558,30.322641509433947,0.9523809523809524,106.0,43.7,3214.1999999999985,12.028264744171581
0,38.961038961038966,1.9506836693736311,55.84415584415584,3.8961038961038925,-0.47341269841269845,0.35723514211886304,30.37402597402597,29.98461538461538,1.2987012987012987,78.0,47.2,2338.7999999999997,9.242818172189635
0,38.54625550660793,1.4444452531381466,32.378854625550666,19.383259911894264,-0.30838789682539697,0.36470143613000705,19.514514902676417,17.627396978021995,9.691629955947137,455.0,37.6,8020.465625000008,9.576592163584408
0,43.34975369458128,1.6894104123133913,47.783251231527096,8.3743842364532,-0.4041456228956228,0.36741122565864837,27.63226600985219,27.49681372549017,0.49261083743842365,204.0,53.5,5609.349999999995,12.427901026952798
0,53.70370370370371,1.9910778249765348,42.592592592592595,1.8518518518518436,-0.43295019157088116,0.5458937198067633,26.146296296296295,25.67090909090909,1.8518518518518516,55.0,45.3,1411.8999999999999,13.913431529155574
0,46.25,1.8297795931136078,38.75,13.75,-0.4222972972972972,0.5125448028673835,17.795625000000015,17.57592592592594,1.25,81.0,35.2,1423.6500000000012,10.14508991834489
0,36.0,2.046093676578209,50.0,12.0,-0.5257201646090535,0.4299999999999999,24.927000000000003,24.43823529411765,2.0,51.0,34.5,1246.3500000000001,8.292591612034387
0,51.388888888888886,1.1723127454893665,38.19444444444444,9.722222222222227,-0.2313921063921065,0.31464646464646473,20.82187499999999,20.678275862068958,0.6944444444444444,145.0,34.7,2998.349999999999,8.46640221887611
0,56.36363636363636,1.284453233945416,36.36363636363637,5.454545454545455,-0.20340501792114696,0.3388888888888889,5.994545454545454,5.8875,1.8181818181818181,56.0,8.7,329.7,1.9014877738150866
0,32.8125,1.0421147764292276,43.75,21.875,-0.30919312169312163,0.24206349206349204,8.019531249999998,7.896153846153845,1.5625,65.0,13.4,513.2499999999999,3.450686105197049
0,37.27272727272727,1.7327238544912071,45.45454545454545,16.363636363636363,-0.39837398373983757,0.33055555555555566,12.435909090909094,12.323873873873877,0.9090909090909091,111.0,22.9,1367.9500000000003,5.667593291850601
0,44.285714285714285,1.8892285060625706,48.57142857142857,5.714285714285717,-0.38131313131313127,0.3668300653594772,23.343571428571426,23.014788732394365,1.4285714285714286,71.0,34.3,1634.05,7.664122166351127
0,42.3728813559322,1.6313590047687736,54.23728813559322,1.6949152542372934,-0.38939393939393924,0.32378472222222227,22.1093220338983,21.74083333333333,1.694915254237288,60.0,30.9,1304.4499999999998,7.923948839729246
0,44.871794871794876,1.8221411100274512,47.43589743589743,6.4102564102564115,-0.4654761904761905,0.43993993993993985,19.11794871794872,18.875949367088612,1.282051282051282,79.0,32.8,1491.2000000000003,9.687725941046676
0,47.69230769230769,1.5231434846890464,41.53846153846154,9.230769230769228,-0.2794205495818399,0.3395061728395061,14.250000000000004,14.034090909090912,1.5384615384615385,66.0,21.5,926.2500000000002,4.523347617473503
0,39.130434782608695,1.9020509277012005,50.72463768115942,8.695652173913043,-0.5087448559670783,0.4174603174603175,17.17971014492754,16.934285714285718,1.4492753623188406,70.0,25.6,1185.4000000000003,5.417344928754075
0,61.111111111111114,2.033387916079716,38.88888888888889,-1.8518518518518587,-0.36952861952861954,0.6137566137566137,27.450925925925933,26.95181818181819,1.8518518518518516,55.0,45.3,1482.3500000000004,12.030760024905305
0,47.44186046511628,2.0136917155293177,45.58139534883721,6.511627906976742,-0.4437441643323993,0.47023809523809534,25.810000000000002,25.69050925925926,0.46511627906976744,216.0,51.3,5549.150000000001,14.066504589242781
0,58.09128630705395,1.7102385946017025,39.004149377593365,2.4896265560165873,-0.26317693744164344,0.4001182033096927,43.50850622406638,43.32871900826445,0.4149377593360996,242.0,60.6,10485.549999999997,12.044580355120468
0,48.30508474576271,1.7883769625675785,45.76271186440678,5.0847457627118615,-0.39121087031303753,0.4254115226337448,44.748728813559325,44.372689075630255,0.847457627118644,119.0,61.2,5280.35,14.742194876571583
0,40.61624649859944,2.1050196177460347,40.896358543417364,18.207282913165272,-0.49816639299397913,0.4994292237442924,28.696218487394965,28.616061452513975,0.2801120448179272,358.0,45.8,10244.550000000003,12.42129657862628
0,50.70422535211267,1.6406342426365133,32.3943661971831,15.492957746478872,-0.3101851851851852,0.5132850241545895,7.378873239436619,7.276388888888889,1.4084507042253522,72.0,14.9,523.9,2.8742215800731206
0,49.056603773584904,2.389856635520434,47.16981132075472,1.8867924528301896,-0.5231481481481481,0.5777777777777776,13.441509433962262,13.19259259259259,1.8867924528301887,54.0,28.2,712.3999999999999,7.215122626333633
0,38.983050847457626,2.4062601541032764,54.23728813559322,5.084745762711868,-0.667184265010352,0.5095486111111112,21.135593220338976,20.783333333333324,1.694915254237288,60.0,30.7,1246.9999999999995,6.518234374819562
0,43.60189573459716,1.8813101463413298,47.867298578199055,8.056872037914689,-0.42421497584541074,0.3866886688668867,18.532227488151655,18.444811320754713,0.47393364928909953,212.0,32.7,3910.299999999999,8.332243670046857
0,46.95652173913044,1.6412551862161455,47.82608695652174,4.7826086956521685,-0.3604129923574366,0.3611111111111112,26.2291304347826,26.115584415584408,0.43478260869565216,231.0,45.0,6032.699999999998,10.476491698672042
0,44.565217391304344,1.529656216653539,48.91304347826087,5.434782608695658,-0.30826558265582665,0.29876543209876544,24.53369565217391,24.26989247311828,1.0869565217391304,93.0,36.7,2257.1,8.786978342947569
0,37.9746835443038,2.491913177135183,48.10126582278481,12.658227848101262,-0.6505555555555553,0.5292397660818713,21.309493670886074,21.043124999999996,1.2658227848101267,80.0,36.6,1683.4499999999998,9.975724404129895
0,28.92561983471074,1.4635569991642028,65.28925619834712,5.371900826446273,-0.4827380952380952,0.21923347398030946,21.178099173553722,21.090946502057616,0.4132231404958678,243.0,43.7,5125.1,12.084787067943736
0,43.103448275862064,1.7074014927112846,44.827586206896555,10.344827586206899,-0.42044444444444445,0.4262820512820513,25.73620689655172,25.299999999999997,1.7241379310344827,59.0,37.5,1492.6999999999998,11.31328677383892
0,57.14285714285714,1.6404775727411414,39.285714285714285,1.785714285714291,-0.2760416666666666,0.4179292929292929,13.479464285714284,13.24298245614035,1.7857142857142856,57.0,21.5,754.8499999999999,6.421520946076622
0,55.434782608695656,1.4382279480713098,31.521739130434785,11.956521739130432,-0.2395833333333334,0.43103448275862083,13.159239130434786,13.017741935483874,1.0869565217391304,93.0,22.7,1210.6500000000003,5.328250071314434
0,44.680851063829785,1.7450118051580161,53.191489361702125,1.0638297872340479,-0.43287037037037024,0.38166666666666665,17.388297872340427,17.205263157894738,1.0638297872340425,95.0,29.5,1634.5,6.644338352554268
0,49.411764705882355,1.175272604340414,35.88235294117647,14.117647058823534,-0.22674162257495584,0.3192167577413479,20.999999999999993,20.877192982456133,0.5882352941176471,171.0,28.5,3569.9999999999986,5.1155882629781155
0,54.36893203883495,1.6619028824845723,42.71844660194174,1.9417475728155416,-0.3577215608465609,0.4627525252525253,17.34611650485437,17.17932692307692,0.9708737864077669,104.0,32.8,1786.6499999999999,8.352075795081777
0,42.038216560509554,1.3163554195576026,49.044585987261144,8.280254777070066,-0.3350168350168348,0.29401154401154395,17.97356687898089,17.859810126582275,0.6369426751592357,158.0,29.4,2821.8499999999995,7.167538290815427
0,45.30386740331492,1.3677824275123394,44.751381215469614,9.392265193370164,-0.2838753387533876,0.2863511659807957,18.901104972375688,18.797252747252745,0.5524861878453038,182.0,35.5,3421.0999999999995,8.669623838671365
0,40.0,1.4914165911349715,50.28571428571429,9.142857142857137,-0.3900793650793651,0.3090277777777779,28.64485714285714,28.48210227272727,0.5714285714285714,176.0,46.7,5012.849999999999,9.488224500536743
0,44.6078431372549,1.2948938585590835,46.07843137254902,8.823529411764705,-0.286048607477179,0.2807328605200945,26.368382352941172,26.23975609756097,0.49019607843137253,205.0,37.6,5379.149999999999,9.771330823972136
0,46.26865671641791,1.405247955922537,37.3134328358209,14.925373134328359,-0.32497013142174425,0.4177777777777777,17.631343283582094,17.372058823529418,1.4925373134328357,68.0,31.2,1181.3000000000004,8.626903602759276
0,42.10526315789473,1.4439500057395844,44.69223907225691,11.239964317573602,-0.3019168111196708,0.2854637946329567,41.31901136363626,40.50883467023162,1.9625334522747548,1122.0,65.7,45450.91249999988,14.93049072305135
0,44.14414414414414,1.8134537130731967,45.94594594594595,9.009009009009006,-0.4158163265306124,0.4188453159041395,18.300000000000015,18.136607142857155,0.9009009009009009,112.0,29.2,2031.3000000000015,5.724997164406942
0,47.05882352941176,1.4365772952610367,45.09803921568628,5.882352941176471,-0.33101851851851855,0.3635265700483091,13.955882352941176,13.6875,1.9607843137254901,52.0,22.4,711.75,4.940132912629421
0,49.09090909090909,1.0344102625980793,40.0,9.090909090909088,-0.21330589849108375,0.27020202020202017,5.398181818181817,5.301785714285713,1.8181818181818181,56.0,16.9,296.8999999999999,4.452695046110653
0,30.097087378640776,1.0317887933832295,29.126213592233007,7.76699029126214,-0.3082437275985664,0.32129629629629636,11.463571428571425,7.715865384615383,33.00970873786408,104.0,26.3,802.4499999999998,8.39103187211955
0,48.275862068965516,1.8388772097517287,48.275862068965516,2.298850574712646,-0.40975228475228487,0.4173280423280423,26.751724137931042,26.447727272727278,1.1494252873563218,88.0,44.1,2327.4000000000005,12.741195017333824
0,50.256410256410255,1.4536888885999082,43.58974358974359,5.6410256410256405,-0.2651171579743009,0.3166666666666669,45.2628205128205,45.03188775510202,0.5128205128205128,196.0,67.3,8826.249999999996,17.06736751449061
0,40.51724137931034,1.4293000342482387,51.724137931034484,6.896551724137933,-0.3523936170212764,0.28425925925925927,25.776724137931033,25.556410256410256,0.8620689655172413,117.0,40.2,2990.1,9.541680360641477
0,41.61490683229814,1.3026014946916635,45.3416149068323,12.732919254658382,-0.30990878938640154,0.2851978691019787,44.87282608695649,44.73390092879254,0.3105590062111801,323.0,62.5,14449.049999999992,14.833625604160256
0,34.84848484848485,1.2681947408934027,47.97979797979798,16.666666666666664,-0.3145464304884594,0.23625730994152053,48.59419191919193,48.35000000000001,0.5050505050505051,199.0,68.5,9621.650000000001,16.57141731715119
0,51.35135135135135,1.4219440601786348,42.34234234234234,1.8018018018018065,-0.26639113810166437,0.32919621749408984,34.598130841121495,33.05357142857143,4.504504504504505,112.0,53.9,3702.0,17.014152424253947
0,61.963190184049076,1.3739146219781917,36.809815950920246,0.613496932515341,-0.15786578657865788,0.4125,27.444171779141108,27.276829268292687,0.6134969325153374,164.0,37.9,4473.400000000001,7.772334211057797
0,40.35087719298245,1.516401834965186,51.578947368421055,7.719298245614037,-0.37349896480331246,0.29894179894179895,30.692280701754385,30.584965034965034,0.3508771929824561,286.0,44.7,8747.3,9.838277665055001
0,58.46153846153847,1.5234059149990338,32.30769230769231,7.692307692307688,-0.22191764132553607,0.4232804232804233,20.712307692307697,20.398484848484852,1.5384615384615385,66.0,28.3,1346.3000000000002,6.724765198905473
0,22.89156626506024,1.4990161658154348,48.795180722891565,27.710843373493976,-0.4889944769330736,0.24142661179698224,48.45572289156626,48.16556886227544,0.6024096385542169,167.0,66.0,8043.649999999999,15.32558949256813
0,38.02395209580838,1.203974944204131,38.32335329341318,23.35329341317365,-0.27384076990376216,0.27170138888888895,46.48952095808386,46.35074626865674,0.29940119760479045,335.0,66.2,15527.50000000001,13.973492772041086
0,62.5,1.6186786605902705,32.8125,3.125,-0.18244047619047624,0.3650793650793651,18.605468750000004,18.319230769230774,1.5625,65.0,27.3,1190.7500000000002,7.6954558968915245
0,24.576271186440678,0.8827629867240961,25.423728813559322,49.57627118644068,-0.26621510673234805,0.23611111111111122,27.122457627118635,27.00801687763712,0.423728813559322,237.0,38.6,6400.899999999998,8.476809181165695
0,37.878787878787875,0.9156241822884237,40.0,21.81818181818182,-0.21195238095238114,0.2064393939393939,35.06500000000001,34.95906344410877,0.30303030303030304,331.0,45.5,11571.450000000004,10.025375731079107
0,38.51744186046512,1.1861471656551412,35.02906976744186,9.883720930232563,-0.27951030418100503,0.3073997233748269,22.26982608695654,18.585123367198854,16.569767441860463,689.0,56.9,12805.15000000001,14.016923573376229
0,48.306148055207025,1.0865363851422019,40.777917189460474,10.790464240903392,-0.20733111077938696,0.24865605658709092,45.20172197464629,45.1450782127733,0.12547051442910914,798.0,63.5,36025.77241379309,11.920662155227904
0,46.75324675324675,2.278342734881185,46.75324675324675,5.194805194805203,-0.4367283950617285,0.45756172839506193,33.855194805194806,33.42115384615384,1.2987012987012987,78.0,47.7,2606.85,12.444332876792197
0,37.704918032786885,1.2677424494850922,54.56674473067916,7.494145199063227,-0.33064955977999483,0.23023684628834853,35.05043871975023,34.968545171339606,0.234192037470726,428.0,67.9,14966.53733333335,19.32726666252297
0,46.31410256410257,0.9031628003832192,32.7991452991453,20.833333333333332,-0.16675171554064314,0.23642779587405024,64.79826388888902,64.76366791244007,0.05341880341880342,1873.0,91.4,121302.35000000025,20.38086437875022
0,42.758620689655174,2.0331880125138198,51.724137931034484,4.827586206896548,-0.5215053763440862,0.4359259259259259,29.283793103448275,29.08321917808219,0.6896551724137931,146.0,52.6,4246.15,13.97733242124097
0,54.961832061068705,1.6610334667994646,41.221374045801525,3.0534351145038157,-0.26920438957476,0.3713991769547326,19.89732824427481,19.746590909090912,0.7633587786259541,132.0,31.0,2606.55,7.414555459919537
0,36.36363636363637,1.9656037322590634,61.81818181818181,1.9984014443252818e-15,-0.5671626984126985,0.3570261437908497,28.61,28.099107142857143,1.8181818181818181,56.0,42.0,1573.55,13.195416651361672
0,52.56410256410257,1.5432383299776207,42.30769230769231,3.8461538461538423,-0.31859756097560976,0.41498316498316506,16.069871794871787,15.866455696202523,1.282051282051282,79.0,36.6,1253.4499999999994,10.328876017608534
0,43.47826086956522,1.4124211355062737,43.47826086956522,11.594202898550723,-0.3376543209876543,0.34074074074074073,17.98840579710145,17.731428571428573,1.4492753623188406,70.0,31.7,1241.2,9.199549998853525
0,42.672413793103445,1.2913038718908367,40.51724137931034,16.379310344827594,-0.24228395061728397,0.2712765957446807,38.59525862068965,38.429613733905576,0.43103448275862066,233.0,53.3,8954.099999999999,11.765091600853442
0,47.482014388489205,1.4488075582584719,45.32374100719424,6.474820143884897,-0.28059764309764307,0.31040564373897694,35.539208633093516,35.28535714285714,0.7194244604316548,140.0,44.3,4939.949999999999,9.114538269989023
0,45.27220630372493,1.404962702847187,44.412607449856736,10.028653295128937,-0.3021053094233472,0.3116487455197131,38.36045845272207,38.25085714285715,0.28653295128939826,350.0,63.8,13387.800000000003,12.29429082950171
0,52.94117647058824,2.2096067551052707,45.09803921568628,-6.8833827526759706e-15,-0.43293467078189307,0.5386473429951691,30.122549019607842,29.54326923076923,1.9607843137254901,52.0,41.6,1536.25,12.380656545041361
0,35.2112676056338,1.5262749253971566,49.29577464788733,14.788732394366196,-0.41087301587301595,0.30714285714285716,40.64929577464789,40.365034965034965,0.7042253521126761,143.0,59.1,5772.2,15.386680373036457
0,48.60335195530726,1.4351728994524942,48.60335195530726,2.2346368715083833,-0.29565772669220947,0.3014048531289911,37.830167597765374,37.62000000000001,0.5586592178770949,180.0,50.1,6771.600000000002,10.76318124718544
0,40.25974025974026,1.9511168589379446,48.701298701298704,10.389610389610384,-0.4860766473669701,0.4107407407407407,40.437987012987016,40.17709677419355,0.6493506493506493,155.0,65.6,6227.450000000001,17.915372229224584
0,39.097744360902254,1.4523367508264982,46.2406015037594,14.285714285714285,-0.36276709401709384,0.31120144534778693,59.29774436090221,59.075655430711564,0.37593984962406013,267.0,89.1,15773.199999999988,20.714111014861963
0,41.39344262295082,1.883454696708534,52.86885245901639,5.327868852459019,-0.4918041804180426,0.39211886304909577,34.83114754098361,34.68897959183674,0.4098360655737705,245.0,57.5,8498.800000000001,12.95793301792725
0,36.92307692307693,2.2538183826065374,50.76923076923077,10.769230769230768,-0.6487654320987655,0.5008417508417509,31.000000000000004,30.530303030303035,1.5384615384615385,66.0,47.2,2015.0000000000002,11.084495328732132
0,46.15384615384615,1.807623619977862,47.179487179487175,6.153846153846159,-0.3980967078189301,0.3970410628019325,36.289743589743594,36.1045918367347,0.5128205128205128,196.0,55.6,7076.500000000001,12.335823766436604
0,39.50617283950617,1.5194322489474934,47.11934156378601,10.288065843621402,-0.38368055555555597,0.32229500242600656,32.00158898305087,31.01591375770023,3.0864197530864197,487.0,57.1,15104.750000000011,14.785284115304599
0,45.28301886792453,1.7741098290953732,33.9622641509434,18.86792452830188,-0.3599537037037038,0.5092592592592593,20.13018867924528,19.757407407407406,1.8867924528301887,54.0,30.7,1066.8999999999999,7.499164791172264
0,45.45454545454545,2.260311400859411,50.649350649350644,2.5974025974026036,-0.5265432098765433,0.4971509971509974,21.040259740259742,20.770512820512824,1.2987012987012987,78.0,38.4,1620.1000000000001,9.698762213374604
0,39.00709219858156,1.5833417428716963,46.808510638297875,13.475177304964536,-0.39814814814814825,0.3442760942760943,32.16453900709219,31.93802816901408,0.7092198581560284,142.0,49.0,4535.199999999999,11.083336559793892
0,44.109589041095894,1.711669342914739,43.013698630136986,12.602739726027394,-0.38366977225672877,0.39932767162066524,22.754520547945198,22.69234972677595,0.273972602739726,366.0,41.9,8305.399999999998,10.21880718465249
0,37.93103448275862,1.2749793997953112,31.03448275862069,5.747126436781599,-0.26945379723157503,0.3497942386831276,18.572727272727278,13.92954545454546,25.287356321839084,88.0,23.5,1225.8000000000004,9.132232522070355
0,39.80582524271845,1.303062238502445,50.48543689320388,8.737864077669903,-0.3566395663956642,0.29059829059829073,14.685922330097085,14.544711538461538,0.9708737864077669,104.0,24.0,1512.6499999999999,5.035490768326464
0,42.62877442273535,1.7725728051941305,39.25399644760213,7.815275310834817,-0.30593750000000036,0.33653846153846106,17.220652173913045,15.449734042553194,10.301953818827709,564.0,31.6,8713.650000000001,8.295920369573064
0,55.660377358490564,1.5437185666203959,36.79245283018868,6.603773584905662,-0.26789077212806023,0.4052706552706552,16.820283018867933,16.66308411214954,0.9433962264150944,107.0,25.0,1782.9500000000007,5.44193574158853
0,38.54166666666667,1.5484712178100268,55.208333333333336,5.208333333333327,-0.4783220720720721,0.34224318658280917,33.01458333333334,32.67422680412372,1.0416666666666665,97.0,51.1,3169.400000000001,14.968723697146885
0,42.71844660194174,1.9121387983063463,44.66019417475729,11.650485436893204,-0.40555555555555556,0.3949275362318841,36.63592233009711,36.28365384615387,0.9708737864077669,104.0,62.0,3773.5000000000023,21.20980498467828
0,37.03703703703704,2.705269998480048,59.25925925925925,1.8518518518518579,-0.8001984126984126,0.5208333333333335,26.433333333333326,25.952727272727266,1.8518518518518516,55.0,49.5,1427.3999999999996,13.54539550235541
0,41.269841269841265,1.8357508467616004,47.61904761904761,10.317460317460327,-0.4198717948717947,0.36250000000000004,32.890873015873034,32.63188976377954,0.7936507936507936,127.0,52.7,4144.250000000002,12.672888644505308
0,37.66233766233766,2.353454111175399,55.84415584415584,5.194805194805196,-0.5586087164750958,0.3979328165374677,35.87792207792208,35.417948717948725,1.2987012987012987,78.0,54.4,2762.6000000000004,12.987429328422174
0,42.58188824662813,1.39071235408212,41.42581888246628,15.799614643545278,-0.319025473437238,0.33023255813953484,50.425915221579864,50.32894230769221,0.1926782273603083,520.0,89.6,26171.04999999995,29.513098920330826
0,36.25079567154679,1.6568911932724395,41.183959261616806,8.24315722469764,-0.37373725882781234,0.32949290659830754,42.08520482780262,36.05964257119709,14.322087842138764,3143.0,78.5,113335.45660127245,22.861173678429108
0,28.125,1.8850467056168054,65.625,4.6875,-0.6751543209876544,0.31349206349206366,19.15703125,18.86230769230769,1.5625,65.0,29.7,1226.05,7.971351630138289
0,55.78231292517006,3.2139148723473947,39.455782312925166,4.081632653061236,-0.306662149954833,0.43965517241379315,23.963605442176863,23.80168918918918,0.6802721088435374,148.0,40.8,3522.6499999999987,8.715231389543915
0,42.68292682926829,2.115973751014214,45.73170731707317,1.8292682926829276,-0.49011904761904745,0.46925925925925926,26.904026845637585,24.295151515151517,9.75609756097561,165.0,43.0,4008.7000000000003,12.41741573473449
0,44.44444444444444,1.9070548809552208,48.148148148148145,5.555555555555561,-0.4399509803921567,0.42521367521367515,19.387037037037036,19.03454545454545,1.8518518518518516,55.0,30.4,1046.8999999999999,7.786105249341048
0,55.55555555555556,1.518822599893447,34.72222222222222,5.555555555555548,-0.2875000000000001,0.46222222222222215,23.886428571428574,22.90479452054795,4.166666666666666,73.0,37.2,1672.0500000000002,11.313563315347302
0,48.148148148148145,1.84402033022731,39.50617283950617,11.111111111111116,-0.37215099715099714,0.4704861111111111,22.837037037037042,22.558536585365857,1.2345679012345678,82.0,39.2,1849.8000000000004,10.501626568117324
0,34.51327433628318,1.1638177897511996,38.05309734513274,8.849557522123899,-0.3160612535612536,0.28779069767441856,17.910483870967745,14.611184210526318,18.58407079646018,114.0,24.7,1665.6750000000002,9.426752274889946
0,54.20560747663551,1.397700378448596,39.25233644859813,5.607476635514028,-0.2809612350687402,0.40013227513227523,19.59392523364486,19.4125,0.9345794392523363,108.0,32.9,2096.55,9.006521189913364
0,46.3768115942029,1.5157504260411525,33.33333333333333,18.840579710144933,-0.29687499999999994,0.41304347826086957,19.57536231884058,19.295714285714286,1.4492753623188406,70.0,26.7,1350.7,7.34059233531827
0,39.09090909090909,1.3371902205559287,33.63636363636363,10.000000000000007,-0.2677648578811369,0.3355855855855857,20.773369565217386,17.217567567567563,17.272727272727273,111.0,31.6,1911.1499999999996,10.72065417734288
0,50.114942528735625,1.0105113202917821,28.735632183908045,20.919540229885058,-0.16979758264161912,0.289777777777778,12.417586206896544,12.38910550458715,0.22988505747126436,436.0,23.7,5401.649999999997,6.38270572100627
0,63.013698630136986,1.5194151558047377,30.136986301369863,5.479452054794525,-0.20460035133948185,0.4431818181818181,17.431506849315067,17.195945945945947,1.36986301369863,74.0,28.6,1272.5,7.2360624705196015
0,40.78947368421053,1.8950086944120563,47.368421052631575,10.526315789473687,-0.47849462365591405,0.4351851851851851,23.071052631578947,22.771428571428572,1.3157894736842104,77.0,36.2,1753.4,8.404776224392922
0,56.666666666666664,1.5999725297734169,43.333333333333336,-1.6666666666666667,-0.31269349845201233,0.4230769230769231,23.994999999999997,23.601639344262292,1.6666666666666667,61.0,39.6,1439.6999999999998,11.197716660091666
0,40.909090909090914,1.8728673822257034,54.54545454545454,1.5151515151515165,-0.4711934156378603,0.35339506172839513,27.40692307692308,26.588805970149256,3.0303030303030303,67.0,45.9,1781.45,14.432853049539375
0,45.45454545454545,1.7924728085840842,50.90909090909091,1.8181818181818221,-0.4450925925925926,0.41964285714285715,27.00727272727273,26.525000000000006,1.8181818181818181,56.0,41.0,1485.4000000000003,11.508362103857007
0,49.31506849315068,1.4340048307058266,43.83561643835616,5.479452054794525,-0.3204534662867997,0.36979166666666663,22.223972602739725,21.923648648648648,1.36986301369863,74.0,34.2,1622.35,9.658530935338131
0,34.10852713178294,2.309053394997003,38.50129198966408,8.268733850129205,-0.40664983164983154,0.3624161073825503,35.3031847133758,28.57010309278351,19.12144702842377,388.0,62.0,11085.2,20.364527892532813
0,39.81481481481482,1.7475719155539013,51.85185185185185,7.40740740740741,-0.382890365448505,0.31696428571428575,26.850462962962965,26.604128440366974,0.9259259259259258,109.0,38.6,2899.8500000000004,9.131911993453175
0,45.52845528455284,1.4727258085136876,42.27642276422765,11.382113821138212,-0.3368055555555555,0.3776709401709401,26.426422764227645,26.213306451612905,0.8130081300813009,124.0,41.2,3250.4500000000003,10.805289756849774
0,33.33333333333333,1.5653577841171225,36.066373840897995,9.272816007808697,-0.38592673933083976,0.35596150954743655,20.984020458772516,16.510841463414668,21.32747681795998,2050.0,46.3,33847.22500000007,13.318230957240406
0,35.91549295774648,1.6457497700127095,50.0,13.380281690140844,-0.5027233115468409,0.36658841940532083,23.148943661971845,22.98706293706295,0.7042253521126761,143.0,42.0,3287.150000000002,12.207800066368797
0,20.0,1.7191742203744214,20.0,0.0,-0.5750000000000001,0.575,11.161904761904761,4.59607843137255,60.0,51.0,18.0,234.4,6.294102773178931
0,47.22222222222222,1.7486197054310582,43.51851851851852,8.333333333333334,-0.3921568627450979,0.4379432624113475,23.83425925925926,23.615596330275228,0.9259259259259258,109.0,43.5,2574.1,10.052736201025759
0,54.0,1.5592557816447543,38.0,6.0,-0.2922953818015546,0.4385964912280702,8.783000000000005,8.610784313725496,2.0,51.0,19.1,439.15000000000026,5.373030104846106
0,50.0,1.20974915953593,35.173824130879346,10.429447852760727,-0.20921381504203523,0.30208333333333354,39.50972222222218,37.77436159346268,4.396728016359918,979.0,66.6,36981.09999999996,17.989385010638454
0,41.37931034482759,1.8515933489688978,53.20197044334976,4.926108374384231,-0.4711681547619043,0.3719135802469134,27.490394088669948,27.355637254901957,0.49261083743842365,204.0,47.3,5580.549999999999,12.211130107606985
0,35.9375,2.3532501929273657,48.4375,14.0625,-0.6131815044858525,0.4901433691756272,26.51796875,26.110000000000003,1.5625,65.0,39.8,1697.15,10.11648998604603
0,41.55844155844156,1.8205766923837328,55.84415584415584,1.2987012987013005,-0.4892282196969698,0.3772609819121447,31.36948051948052,30.96730769230769,1.2987012987012987,78.0,45.9,2415.45,12.134389542071991
0,28.57142857142857,1.7297369198131096,37.96992481203007,33.0827067669173,-0.5135233918128653,0.3770627062706268,31.506766917293252,31.388764044943837,0.37593984962406013,267.0,46.1,8380.800000000005,8.391386272880915
0,42.016806722689076,1.9329698178319117,55.46218487394958,1.680672268907561,-0.5377083333333336,0.4124579124579126,26.471008403361346,26.25041666666667,0.8403361344537815,120.0,49.2,3150.05,13.05924721929904
0,42.30769230769231,2.0675627458943198,53.84615384615385,1.9230769230769236,-0.5265782828282828,0.4305555555555555,25.75096153846153,25.265094339622635,1.9230769230769231,53.0,38.4,1339.0499999999997,10.84843017469583
0,42.0,2.196646838554922,50.0,6.0,-0.5515873015873015,0.4633333333333334,13.246999999999998,12.987254901960782,2.0,51.0,24.0,662.3499999999999,6.715681509706815
0,46.801346801346796,1.6543631708710196,39.73063973063973,13.131313131313137,-0.26062227141363836,0.3154425612052729,42.29865319865324,42.15671140939601,0.33670033670033667,298.0,64.2,12562.700000000012,16.51354641620726
0,24.137931034482758,2.340837779221252,67.24137931034483,6.896551724137934,-0.9581807081807082,0.37179487179487186,35.75344827586206,35.14745762711864,1.7241379310344827,59.0,52.1,2073.7,14.549975583987045
0,47.565543071161045,1.1723159162693042,40.63670411985019,11.610486891385772,-0.24924814085739339,0.29390681003584224,39.75870786516853,39.68439252336447,0.18726591760299627,535.0,63.3,21231.149999999994,16.434556901818898
0,47.88732394366197,1.5932723576112164,40.845070422535215,9.859154929577464,-0.31013071895424843,0.3754789272030651,13.695774647887326,13.505555555555558,1.4084507042253522,72.0,24.8,972.4000000000002,7.626131101594288
0,39.83739837398374,1.8206834059082413,55.28455284552846,4.065040650406501,-0.49155328798185943,0.36968954248366015,27.460569105691054,27.239112903225802,0.8130081300813009,124.0,48.3,3377.6499999999996,10.789801796667518
0,38.97849462365591,1.4094642529024732,52.68817204301075,8.06451612903226,-0.360536398467433,0.2674319727891158,39.86935483870967,39.762466487935654,0.2688172043010753,373.0,65.1,14831.399999999998,12.834932095761857
0,37.3134328358209,2.189255041416799,56.71641791044776,4.477611940298507,-0.613968253968254,0.43201754385964913,18.865671641791042,18.588235294117645,1.4925373134328357,68.0,30.3,1263.9999999999998,6.755107312518947
0,37.254901960784316,1.92531033818699,52.94117647058824,7.843137254901954,-0.5287524366471734,0.39814814814814814,23.07549019607843,22.631730769230767,1.9607843137254901,52.0,33.0,1176.85,8.344966021612896
0,46.666666666666664,1.5165120897831603,45.88235294117647,7.058823529411766,-0.29570357554786586,0.30318138651471976,33.44450980392155,33.31386718749998,0.39215686274509803,256.0,48.2,8528.349999999995,11.148133330510499
0,44.89795918367347,1.7408424861727498,45.91836734693878,8.163265306122442,-0.4447601010101009,0.4462962962962962,27.489795918367378,27.212121212121243,1.0204081632653061,99.0,46.1,2694.000000000003,12.54254350901962
0,47.66355140186916,2.032153370195969,46.728971962616825,4.672897196261682,-0.413489469862019,0.4372222222222221,32.93224299065422,32.62731481481483,0.9345794392523363,108.0,49.2,3523.7500000000014,12.988090244974094
0,38.23529411764706,1.866481948993066,52.94117647058824,7.843137254901958,-0.4257478632478633,0.3220164609053498,44.08578431372549,43.657766990291265,0.9803921568627451,103.0,59.6,4496.75,16.372383815736306
0,50.51020408163265,1.317561162611433,39.285714285714285,9.693877551020412,-0.257267115600449,0.33910533910533913,37.37066326530611,37.18096446700507,0.5102040816326531,197.0,61.4,7324.649999999999,17.29737560418654
0,51.78571428571429,1.1870617469699123,35.714285714285715,12.142857142857128,-0.18666187739463602,0.27333333333333326,46.835535714285726,46.66886120996442,0.35714285714285715,281.0,63.6,13113.950000000003,16.52394366368182
0,41.66666666666667,1.8540063132908209,44.44444444444444,12.96296296296296,-0.44429012345679025,0.4363425925925924,21.97083333333333,21.769266055045872,0.9259259259259258,109.0,43.8,2372.85,13.51544000857697
0,37.82051282051282,1.0380710749473663,35.57692307692308,26.28205128205128,-0.23258003766478366,0.2537537537537538,52.50320512820513,52.33546325878595,0.3205128205128205,313.0,72.7,16381.000000000002,21.053859442637552
0,22.04724409448819,1.676354573694534,70.86614173228347,6.2992125984251945,-0.6882778679653679,0.22650462962962975,29.39158464566929,29.161962890625,0.7874015748031495,128.0,44.1,3732.73125,10.950432573405216
0,29.772727272727273,1.328324361800013,41.590909090909086,28.409090909090914,-0.3973706530958439,0.282179720704311,40.71659090909094,40.62426303854878,0.22727272727272727,441.0,73.1,17915.300000000014,25.159084941937426
0,46.68769716088328,1.505316161371899,45.74132492113564,7.255520504731864,-0.2968679886783344,0.30363984674329514,38.67902208201892,38.557389937106905,0.31545741324921134,318.0,64.5,12261.249999999996,17.017509896407166
0,39.42307692307692,1.614722618038943,50.96153846153846,8.653846153846159,-0.440379403794038,0.3474842767295598,16.049519230769228,15.896666666666663,0.9615384615384616,105.0,30.8,1669.1499999999996,7.77038127450459
0,42.592592592592595,1.5557256580758152,50.0,5.555555555555554,-0.36640654031958375,0.32510288065843623,17.15833333333333,16.846363636363634,1.8518518518518516,55.0,30.8,926.55,8.438702602744947
0,24.528301886792452,1.3628866487329383,34.276729559748425,40.8805031446541,-0.46580009496676184,0.3659531090723754,43.60503144654087,43.468338557993725,0.3144654088050315,319.0,87.5,13866.399999999998,22.44255056257576
0,36.1097380128522,1.1736625003581473,32.69896193771626,23.702422145328722,-0.2505096098503487,0.276196030274514,61.45085366771268,56.85001139904034,7.488877904102817,4047.0,103.9,230071.99613191627,30.093499388281053
0,48.84615384615385,1.6444965368685656,45.0,5.769230769230768,-0.37552250413142746,0.411680911680912,27.14634615384616,27.042337164750965,0.38461538461538464,261.0,49.0,7058.050000000002,10.42171637567882
0,44.85981308411215,1.5851349709219196,50.467289719626166,3.7383177570093507,-0.36705889917695456,0.33744855967078186,31.176635514018702,30.887962962962973,0.9345794392523363,108.0,44.0,3335.900000000001,10.612844535552306
0,36.206896551724135,2.1277932620660556,58.620689655172406,4.310344827586218,-0.6462585034013605,0.41625816993464065,33.12370689655174,32.84059829059831,0.8620689655172413,117.0,57.2,3842.3500000000017,14.163071253050324
0,35.50295857988166,1.03926136099686,45.956607495069036,18.343195266272186,-0.22713365539452504,0.17763471626132588,67.4906311637081,67.3577755905512,0.19723865877712032,508.0,87.8,34217.75000000001,17.031893500754503
0,36.76470588235294,1.7993214294003335,54.41176470588235,8.088235294117652,-0.4768981481481482,0.33370870870870867,36.982352941176465,36.71240875912408,0.7352941176470588,137.0,48.1,5029.599999999999,10.31204281430422
0,62.8099173553719,1.0591676031104278,32.231404958677686,4.132231404958677,-0.17925020885547208,0.3603988603988603,19.685950413223143,19.52459016393443,0.8264462809917356,122.0,31.7,2382.0000000000005,6.888659069353259
0,49.09090909090909,1.5292432622067005,43.63636363636363,6.666666666666667,-0.33148148148148127,0.3811728395061729,28.426969696969724,28.25572289156629,0.6060606060606061,166.0,45.4,4690.450000000004,12.1720531626891
0,48.35443037974684,1.462595990954351,45.56962025316456,5.82278481012658,-0.3254960894576952,0.3509259259259261,37.284303797468425,37.190151515151584,0.25316455696202533,396.0,61.6,14727.300000000027,11.841867593763354
0,39.784946236559136,1.5756899119896801,50.53763440860215,8.60215053763441,-0.37852852852852853,0.31382978723404253,35.66290322580646,35.28351063829788,1.0752688172043012,94.0,51.1,3316.6500000000005,13.523044854032003
0,29.850746268656714,2.1386001678252087,50.74626865671642,17.910447761194035,-0.648989898989899,0.4199346405228758,35.06194029850746,34.54632352941176,1.4925373134328357,68.0,49.5,2349.1499999999996,12.997072438933507
0,29.03225806451613,2.168193705895788,61.29032258064516,8.064516129032256,-0.6970899470899472,0.3538011695906434,33.62661290322582,33.092857142857156,1.6129032258064515,63.0,45.2,2084.850000000001,12.325930690918609
0,39.0625,2.1430436552712675,46.875,12.5,-0.485,0.4259259259259258,31.08984375,30.611538461538462,1.5625,65.0,44.1,1989.75,11.791784740942562
0,66.11570247933885,1.2472973452385951,28.92561983471074,4.13223140495867,-0.18368055555555554,0.4373015873015873,24.59173553719008,24.390163934426226,0.8264462809917356,122.0,38.1,2975.5999999999995,9.434960175693982
0,41.509433962264154,1.540032204696713,49.056603773584904,8.805031446540879,-0.40131578947368435,0.34757834757834755,29.47861635220125,29.29437499999999,0.628930817610063,160.0,51.2,4687.0999999999985,10.967926469080592
0,35.84905660377358,2.334099441523259,60.37735849056604,1.8867924528301896,-0.6487573099415205,0.41753472222222227,33.19056603773586,32.57592592592594,1.8867924528301887,54.0,44.7,1759.1000000000006,12.819214783331297
0,37.453183520599254,1.476210134943769,55.243445692883896,7.116104868913855,-0.3698888888888889,0.25508474576271223,37.56320224719105,37.49299065420565,0.18726591760299627,535.0,65.8,20058.750000000022,14.379504157727494
0,19.469026548672566,1.684741756711133,53.09734513274337,1.769911504424769,-0.8219696969696969,0.30185185185185176,23.395882352941182,17.44429824561404,25.663716814159294,114.0,49.4,1988.6500000000005,16.618873221583605
0,30.357142857142854,1.7434685370497913,41.07142857142857,2.9761904761904816,-0.5408496732026143,0.4049919484702095,29.373412698412704,21.89970414201184,25.595238095238095,169.0,47.6,3701.0500000000006,16.21117245126275
0,41.57303370786517,1.2159243664502628,45.50561797752809,12.35955056179775,-0.2843200343200342,0.2668038408779149,32.046910112359555,31.867877094972073,0.5617977528089888,179.0,52.1,5704.350000000001,14.138309730903378
0,50.0,2.203971806388641,47.14285714285714,1.4285714285714326,-0.4632275132275133,0.5008417508417508,26.722142857142856,26.345774647887325,1.4285714285714286,71.0,52.6,1870.55,18.175207191944736
0,46.666666666666664,1.4424592871529494,35.333333333333336,4.666666666666659,-0.325793650793651,0.4318658280922433,32.1912213740458,27.92748344370861,13.333333333333334,151.0,45.5,4217.05,16.208167039722444
0,29.166666666666668,2.2408625406534846,50.83333333333333,17.500000000000004,-0.8079365079365081,0.46357012750455373,22.99364406779661,22.423553719008265,2.5,121.0,50.5,2713.25,14.403662850235891
0,43.93939393939394,1.9619743036816573,42.42424242424242,12.121212121212125,-0.4228328544061303,0.46726190476190477,33.39090909090908,32.89253731343283,1.5151515151515151,67.0,45.6,2203.7999999999997,12.385881836153857
0,32.21225710014948,1.2786232524136656,40.657698056801195,26.980568011958145,-0.29322669045846966,0.23210273692810454,66.88516012783046,66.78525697603385,0.14947683109118087,1339.0,97.9,89425.45909090932,24.610973285736264
0,36.092150170648466,0.85322387332099,28.327645051194537,33.44709897610922,-0.1782899921197798,0.2223895582329324,87.03540940766548,85.18043478260867,2.1331058020477816,1173.0,111.5,99916.64999999998,19.861223240019985
0,34.763948497854074,1.321801722585651,32.61802575107296,30.90128755364807,-0.33916323731138565,0.356359649122807,49.44130434782611,48.59615384615387,1.7167381974248928,234.0,64.5,11371.500000000005,15.754054501478782
0,33.705357142857146,1.3299277082141203,60.49107142857143,4.2410714285714235,-0.38545499141525624,0.21689216892168944,40.566515837104056,39.93407572383072,1.5625,449.0,66.4,17930.399999999994,12.534233019012834
0,41.61676646706587,1.6363082017667478,48.50299401197605,9.580838323353287,-0.35864641620037296,0.3153292181069957,51.38368263473051,51.230298507462656,0.29940119760479045,335.0,75.5,17162.14999999999,16.275247690228827
0,30.81761006289308,2.511617765715053,52.20125786163522,6.918238993710691,-0.7875483526744029,0.47724230254350763,48.25520833333334,43.429687500000014,10.062893081761008,160.0,76.3,6948.750000000002,24.387376624493996
0,22.727272727272727,2.610400720041258,63.63636363636363,1.5151515151515191,-1.2037037037037037,0.4292328042328042,40.78983050847458,35.91940298507463,12.121212121212121,67.0,65.0,2406.6000000000004,22.026427214355742
0,49.122807017543856,1.5801318651434162,45.17543859649123,5.263157894736841,-0.359778025793651,0.39670981661272925,37.21754385964912,37.05502183406113,0.43859649122807015,229.0,61.7,8485.599999999999,17.006560617154012
0,48.46153846153846,1.5911172290820441,43.84615384615385,6.923076923076924,-0.3226665309998645,0.3635477582846004,22.252307692307692,22.082442748091605,0.7692307692307693,131.0,34.8,2892.8,9.143622653605096
0,50.0,1.0356085858796964,32.73381294964029,16.90647482014389,-0.17745803357314158,0.27167277167277176,34.60431654676256,34.480286738351225,0.3597122302158274,279.0,56.1,9619.999999999993,17.16154990106263
